file,sheet,output_file,discharge_capacity,charge_capacity,coulombic_efficiency,avg_voltage,voltage_std,voltage_range,min_voltage,max_voltage,avg_resistance,min_resistance,max_resistance,resistance_std,R_SOC_0_20,R_SOC_20_50,R_SOC_50_80,R_SOC_80_100,R_Temp_25_60,R_increase_ratio_low_SOC,max_temperature,min_temperature,avg_temperature,temperature_std
10_21_2014_PLN_1to6.xls,Channel_1-007,proc_10_21_2014_PLN_1to6_Channel_1-007.csv,1.421629954568715,2.061297255051296,0.6896773141694876,3.9799579534373666,0.2512950189525849,1.3812470436096191,2.8192644119262695,4.200511455535889,0.041256455062619504,0.0,0.06737688928842545,0.025937724200608765,0.051995458292893273,0.06737688928842545,0.06737688928842545,0.04985317604462053,0.041256455062619504,0.7717105797258212,,,,
10_21_2014_PLN_1to6.xls,Channel_1-008,proc_10_21_2014_PLN_1to6_Channel_1-008.csv,1.439745988006678,2.057586786051729,0.6997255220370966,3.974637899185242,0.25147282762279677,1.4143145084381104,2.7858240604400635,4.200138568878174,0.04019769138032193,0.0,0.06479502469301224,0.025003618928583004,0.050416659640728556,0.06479502469301224,0.06479502469301224,0.05002104025924499,0.04019769138032193,0.7780946126588281,,,,
10_21_2014_PLN_1to6.xls,Channel_1-009,proc_10_21_2014_PLN_1to6_Channel_1-009.csv,1.568072962558468,2.248299277406309,0.6974485017703844,3.975470643591625,0.24911534893904838,1.413696050643921,2.786348581314087,4.200044631958008,0.03609953810207597,0.0,0.060704611241817474,0.022902838387008746,0.044148688249690114,0.060704611241817474,0.060704611241817474,0.04401084315031767,0.03609953810207597,0.7272707517032493,,,,
10_21_2014_PLN_1to6.xls,Channel_1-014,proc_10_21_2014_PLN_1to6_Channel_1-014.csv,1.557777134796004,2.230636411346768,0.6983554679157602,3.970265106402884,0.2506540872113582,1.450188159942627,2.749908924102783,4.20009708404541,0.03126557375345703,0.0,0.05151955410838127,0.019556396592427017,0.038423983632014005,0.05151955410838127,0.05151955410838127,0.03830616469841459,0.03126557375345703,0.7458135905287879,,,,
10_21_2014_PLN_1to6.xls,Channel_1-015,proc_10_21_2014_PLN_1to6_Channel_1-015.csv,1.571982890771992,2.252859060460167,0.6977724076760045,3.9796323527661337,0.24974022054940043,1.4151506423950195,2.7851414680480957,4.200292110443115,0.03448909245974807,0.0,0.060835011303424835,0.022572914193256285,0.040832187783879724,0.060835011303424835,0.060835011303424835,0.04326997282849231,0.03448909245974807,0.6711955321290618,,,,
10_21_2014_PLN_1to6.xls,Channel_1-016,proc_10_21_2014_PLN_1to6_Channel_1-016.csv,1.563703757719021,2.26398125812206,0.6906875894441329,3.9779540458648754,0.24949091596809744,1.424445390701294,2.776050329208374,4.200495719909668,0.03225467157628127,0.0,0.05552518740296364,0.020810264222076543,0.03907478891875071,0.05552518740296364,0.05552518740296364,0.039443865501428484,0.03225467157628127,0.703730878658234,,,,
10_22_2014_PLN_7to12.xlsx,Channel_1-007,proc_10_22_2014_PLN_7to12_Channel_1-007.csv,1.576869996267493,2.283516578683968,0.6905445797885434,3.9684842195991092,0.2467205289608425,1.4220433235168457,2.778468132019043,4.200511455535889,0.030012237441057216,0.0,0.04716382175683975,0.01818768843399451,0.03779790353644137,0.04716382175683975,0.04716382175683975,0.034672778338426725,0.030012237441057216,0.801417317945823,,,,
10_22_2014_PLN_7to12.xlsx,Channel_1-008,proc_10_22_2014_PLN_7to12_Channel_1-008.csv,1.562722115529754,2.232218050229466,0.7000759246477334,3.9697313590143706,0.24883854706377356,1.4249179363250732,2.7752206325531006,4.200138568878174,0.03155528222193915,0.0,0.05240917205810547,0.01973245651213231,0.03828763148133121,0.05240917205810547,0.05240917205810547,0.03919794744219461,0.03155528222193915,0.7305521147878874,,,,
10_22_2014_PLN_7to12.xlsx,Channel_1-009,proc_10_22_2014_PLN_7to12_Channel_1-009.csv,1.575736614885224,2.245128907041567,0.7018468338023365,3.9619957474230696,0.24875140925200384,1.4504637718200684,2.7497429847717285,4.200206756591797,0.02884035054627001,0.0,0.04438222572207451,0.01718027818542358,0.03623111697114506,0.04438222572207451,0.04438222572207451,0.03389811273121591,0.02884035054627001,0.8163429476932405,,,,
10_22_2014_PLN_7to12.xlsx,Channel_1-014,proc_10_22_2014_PLN_7to12_Channel_1-014.csv,1.578247467761559,2.256328976152683,0.6994757787725902,3.9638700843654733,0.24828556456918582,1.41964852809906,2.78044855594635,4.20009708404541,0.03236524036625574,0.0,0.05016377568244934,0.019420175917677786,0.040713165771188456,0.05016377568244934,0.05016377568244934,0.038053496044825066,0.03236524036625574,0.811604892520733,,,,
10_22_2014_PLN_7to12.xlsx,Channel_1-015,proc_10_22_2014_PLN_7to12_Channel_1-015.csv,1.580635652255599,2.263466549545742,0.6983251652527487,3.9701570551391643,0.24818604026507007,1.3928911685943604,2.807239294052124,4.200130462646484,0.02973390468416259,0.0,0.04610372707247734,0.017910027392270423,0.03777024070161166,0.04610372707247734,0.04610372707247734,0.03385093474240453,0.02973390468416259,0.8192448441800588,,,,
10_22_2014_PLN_7to12.xlsx,Channel_1-016,proc_10_22_2014_PLN_7to12_Channel_1-016.csv,1.564539642272043,2.259534985720922,0.69241664862864,3.9637293507717573,0.24700384620936516,1.4257423877716064,2.7747533321380615,4.200495719909668,0.02529939368920108,0.0,0.04210891202092171,0.01577214206177416,0.030279339171986434,0.04210891202092171,0.04210891202092171,0.03179388300862213,0.02529939368920108,0.7190719901987072,,,,
10_23_2014_PLN_13to18.xlsx,Channel_1-007,proc_10_23_2014_PLN_13to18_Channel_1-007.csv,1.548386162428268,2.227968923180073,0.6949765530024502,3.992363598252174,0.24934415093343457,1.4312710762023926,2.769240379333496,4.200511455535889,0.034981764241067234,0.0,0.06189338117837906,0.022767612977946272,0.04167480245684708,0.06189338117837906,0.06189338117837906,0.04304061144874059,0.034981764241067234,0.6733321344448565,,,,
10_23_2014_PLN_13to18.xlsx,Channel_1-008,proc_10_23_2014_PLN_13to18_Channel_1-008.csv,1.582109977850841,2.262383284721733,0.6993112036033435,3.9792049426409335,0.2489720621415427,1.4143145084381104,2.7858240604400635,4.200138568878174,0.03327110361312619,0.0,0.0550968199968338,0.020845040059285183,0.04103208881955966,0.0550968199968338,0.0550968199968338,0.04015389457345009,0.03327110361312619,0.744726988271149,,,,
10_23_2014_PLN_13to18.xlsx,Channel_1-009,proc_10_23_2014_PLN_13to18_Channel_1-009.csv,1.576211131610487,2.248474233689639,0.7010136509431997,3.9789137572959965,0.2495037652685098,1.4310270547866821,2.7690175771713257,4.200044631958008,0.03093529279995631,0.0,0.05261066183447838,0.019618183973239462,0.03718680112249439,0.05261066183447838,0.05261066183447838,0.03842949907688668,0.03093529279995631,0.7068301333955854,,,,
10_23_2014_PLN_13to18.xlsx,Channel_1-014,proc_10_23_2014_PLN_13to18_Channel_1-014.csv,1.556422214529115,2.221664414279476,0.7005658480756146,3.9761919741467793,0.25142024930799073,1.4362549781799316,2.7638421058654785,4.20009708404541,0.030667869883274346,0.0,0.052955687046051025,0.01966418802466732,0.03633189634887479,0.052955687046051025,0.052955687046051025,0.03927719171042554,0.030667869883274346,0.6860811062139569,,,,
10_23_2014_PLN_13to18.xlsx,Channel_1-015,proc_10_23_2014_PLN_13to18_Channel_1-015.csv,1.573829616256771,2.253786714010401,0.6983045939854219,3.9780460245373575,0.251148113513882,1.4087560176849365,2.7915360927581787,4.200292110443115,0.03517485811719492,0.0,0.056865375488996506,0.02168571127268404,0.04389392732664034,0.056865375488996506,0.056865375488996506,0.04171130140488776,0.03517485811719492,0.7718919808264318,,,,
10_23_2014_PLN_13to18.xlsx,Channel_1-016,proc_10_23_2014_PLN_13to18_Channel_1-016.csv,1.559845058509552,2.241266243331638,0.6959659804588166,3.9781300313589965,0.25061706082270946,1.4460105895996094,2.7544851303100586,4.200495719909668,0.038321479022021765,0.0,0.05985763296484947,0.023295630782016522,0.048994582624223425,0.05985763296484947,0.05985763296484947,0.043586189373117486,0.038321479022021765,0.8185185447108272,,,,
10_23_2014_PLN_19to23.xlsx,Channel_1-008,proc_10_23_2014_PLN_19to23_Channel_1-008.csv,1.562466490155305,2.219268408170485,0.7040457496726893,3.982854113159073,0.25248662536466027,1.4211945533752441,2.7789440155029297,4.200138568878174,0.03328060586071503,0.0,0.059306126087903976,0.021890110747355467,0.03908426614007348,0.059306126087903976,0.059306126087903976,0.0428106163302797,0.03328060586071503,0.6590257822967983,,,,
10_23_2014_PLN_19to23.xlsx,Channel_1-009,proc_10_23_2014_PLN_19to23_Channel_1-009.csv,1.552101159005592,2.217000291013963,0.7000906428820206,3.9831151298395726,0.25059551310467376,1.4503018856048584,2.7499048709869385,4.200206756591797,0.03807669453475339,0.0,0.06600058078765869,0.02459831855719678,0.04587593294464059,0.06600058078765869,0.06600058078765869,0.04719808974931406,0.03807669453475339,0.6950837764933552,,,,
10_23_2014_PLN_19to23.xlsx,Channel_1-014,proc_10_23_2014_PLN_19to23_Channel_1-014.csv,1.566511422083381,2.232764339685717,0.7016017741952483,3.974827965730188,0.2513598844798452,1.4271011352539062,2.772995948791504,4.20009708404541,0.03210355759052314,0.0,0.054313525557518005,0.02033998663509961,0.0387231725439639,0.054313525557518005,0.054313525557518005,0.03989928903236012,0.03210355759052314,0.7129563427613639,,,,
10_23_2014_PLN_19to23.xlsx,Channel_1-015,proc_10_23_2014_PLN_19to23_Channel_1-015.csv,1.572731228921917,2.255490438268747,0.6972901335503344,3.9841155699961597,0.2531006819209956,1.4199261665344238,2.7803659439086914,4.200292110443115,0.03362388954086038,0.0,0.05695166438817978,0.021405640673429538,0.04136237878193486,0.05695166438817978,0.05695166438817978,0.040226519481884895,0.03362388954086038,0.7262716415100865,,,,
10_23_2014_PLN_19to23.xlsx,Channel_1-016,proc_10_23_2014_PLN_19to23_Channel_1-016.csv,1.541425194766025,2.207806946957668,0.6981702801914319,3.9909933549127428,0.25210578120800015,1.4275259971618652,2.7729697227478027,4.200495719909668,0.04244089984103342,0.0,0.0719926580786705,0.02708329805668659,0.052711647233015566,0.0719926580786705,0.0719926580786705,0.049905076088681756,0.04244089984103342,0.7321808728803224,,,,
10_23_2014_PLN_24to29.xlsx,Channel_1-007,proc_10_23_2014_PLN_24to29_Channel_1-007.csv,1.550197717352523,2.235871303520201,0.6933304769875889,3.9795621812765174,0.2516901933529225,1.4236623048782349,2.776849150657654,4.200511455535889,0.03191177254605972,0.0,0.05263335630297661,0.019931785620314973,0.039584983935417706,0.05263335630297661,0.05263335630297661,0.03758655189691732,0.03191177254605972,0.752089296900472,,,,
10_23_2014_PLN_24to29.xlsx,Channel_1-008,proc_10_23_2014_PLN_24to29_Channel_1-008.csv,1.547824979611945,2.203052248110363,0.7025820567531116,3.9766743217249436,0.2520431191915722,1.4501721858978271,2.7499663829803467,4.200138568878174,0.03509576951765155,0.0,0.0591282956302166,0.022185181594353853,0.04259230549872101,0.0591282956302166,0.0591282956302166,0.04347447047213726,0.03509576951765155,0.7203371083971322,,,,
10_23_2014_PLN_24to29.xlsx,Channel_1-009,proc_10_23_2014_PLN_24to29_Channel_1-009.csv,1.583650397309632,2.263505277590511,0.6996451092861684,3.979787184587996,0.2520435561678876,1.4208227396011353,2.7792218923568726,4.200044631958008,0.03232629539335729,0.0,0.05395965650677681,0.020331536841724947,0.03972471769590322,0.05395965650677681,0.05395965650677681,0.038808963172847315,0.03232629539335729,0.7361929313044122,,,,
10_23_2014_PLN_24to29.xlsx,Channel_1-014,proc_10_23_2014_PLN_24to29_Channel_1-014.csv,1.557496168797228,2.221892213363761,0.7009773738930871,3.977083183296151,0.25516094424467295,1.4254000186920166,2.7746970653533936,4.20009708404541,0.04294406087559578,0.0,0.07310107350349426,0.027329734382389843,0.05180070848926993,0.07310107350349426,0.07310107350349426,0.05357077728995487,0.04294406087559578,0.7086176167685668,,,,
10_23_2014_PLN_24to29.xlsx,Channel_1-015,proc_10_23_2014_PLN_24to29_Channel_1-015.csv,1.545928179019692,2.234185888026985,0.6919425045625478,3.989857146373646,0.2535390823255628,1.4101319313049316,2.7901601791381836,4.200292110443115,0.04229327060940968,0.0,0.0717586874961853,0.02705144769084659,0.05266803239672657,0.0717586874961853,0.0717586874961853,0.04991329549257333,0.04229327060940968,0.7339603640259782,,,,
10_23_2014_PLN_24to29.xlsx,Channel_1-016,proc_10_23_2014_PLN_24to29_Channel_1-016.csv,1.557192972228132,2.24354236789935,0.6940778094982653,3.996690712374339,0.25768517559916504,1.4505505561828613,2.7499451637268066,4.200495719909668,0.06817736418125246,0.0,0.10747165977954865,0.042660301093457344,0.09063628638798674,0.10747165977954865,0.10747165977954865,0.07294012118756284,0.06817736418125246,0.8433505779468236,,,,
10_23_2014_PLN_32to37.xlsx,Channel_1-014,proc_10_23_2014_PLN_32to37_Channel_1-014.csv,1.435041603287028,2.061783792113661,0.6960194414060645,3.9791948318017485,0.25222355363221033,1.4180283546447754,2.7820687294006348,4.20009708404541,0.037307482384502294,0.0,0.06633245199918747,0.0246637434262746,0.043801298036294824,0.06633245199918747,0.06633245199918747,0.050319873321878886,0.037307482384502294,0.6603298493598784,,,,
10_26_2014_PLN_32to37.xlsx,Channel_1-007,proc_10_26_2014_PLN_32to37_Channel_1-007.csv,1.564045531737437,2.250637632898422,0.6949344083095349,3.9828991274065433,0.2511557775234204,1.4455171823501587,2.755155920982361,4.2006731033325195,0.035905130180025384,0.0,0.06063919886946678,0.022731905358189346,0.04396951010625691,0.06063919886946678,0.06063919886946678,0.04275905037072046,0.035905130180025384,0.7251004453555959,,,,
10_26_2014_PLN_32to37.xlsx,Channel_1-008,proc_10_26_2014_PLN_32to37_Channel_1-008.csv,1.576282228547873,2.249845081599879,0.7006181187493002,3.9741557795318743,0.25355698227044277,1.4141526222229004,2.7859859466552734,4.200138568878174,0.038360404499221,0.0,0.060562919825315475,0.02348929743283632,0.04865039662220523,0.060562919825315475,0.060562919825315475,0.04516489641874834,0.038360404499221,0.8033033539751698,,,,
10_26_2014_PLN_32to37.xlsx,Channel_1-009,proc_10_26_2014_PLN_32to37_Channel_1-009.csv,1.567004186436367,2.253010601057573,0.6955156738724658,3.9809126706216307,0.25222597476050357,1.4194459915161133,2.7805986404418945,4.200044631958008,0.036878476628234715,0.0,0.06214777007699013,0.023408418309681638,0.04531980457078803,0.06214777007699013,0.06214777007699013,0.044740174189955656,0.036878476628234715,0.7292265597726963,,,,
10_26_2014_PLN_32to37.xlsx,Channel_1-015,proc_10_26_2014_PLN_32to37_Channel_1-015.csv,1.413580873172969,2.038215556475359,0.6935384575404985,3.9855175290675193,0.2550619016395421,1.4077039957046509,2.7924264669418335,4.200130462646484,0.05017575777114598,0.0,0.08419927209615707,0.032047944992787125,0.06248799916064653,0.08419927209615707,0.08419927209615707,0.062294867442936726,0.05017575777114598,0.7421441730432553,,,,
10_26_2014_PLN_32to37.xlsx,Channel_1-016,proc_10_26_2014_PLN_32to37_Channel_1-016.csv,1.590376451931963,2.286451797991116,0.6955652655040763,3.9802683244015093,0.25155204649234214,1.418121576309204,2.782212018966675,4.200333595275879,0.0312974268808499,0.0,0.055776432156562805,0.020606147935723372,0.036620882205621444,0.055776432156562805,0.055776432156562805,0.03986508919756595,0.0312974268808499,0.6565655204124154,,,,
10_27_2014_PLN_38to47.xlsx,Channel_1-003,proc_10_27_2014_PLN_38to47_Channel_1-003.csv,1.554353419496227,2.232046441536531,0.6963804115232552,3.982529655390368,0.2507983924391848,1.4268574714660645,2.773387908935547,4.200245380401611,0.03398802825590725,0.0,0.055395033210515976,0.02093940057350235,0.042119730794650194,0.055395033210515976,0.055395033210515976,0.04052556692555705,0.03398802825590725,0.7603521173926177,,,,
10_27_2014_PLN_38to47.xlsx,Channel_1-007,proc_10_27_2014_PLN_38to47_Channel_1-007.csv,1.562903760871183,2.270532514723586,0.6883423825628194,3.9886542864666716,0.2508237911009002,1.4261715412139893,2.7743399143218994,4.200511455535889,0.03373550460527106,0.0,0.05947105959057808,0.021942717267849614,0.040329480665230726,0.05947105959057808,0.05947105959057808,0.04144453229055725,0.03373550460527106,0.6781362387499831,,,,
10_27_2014_PLN_38to47.xlsx,Channel_1-008,proc_10_27_2014_PLN_38to47_Channel_1-008.csv,1.55521378982152,2.205358486982867,0.7051977259031458,3.985519926606155,0.25424889558535196,1.450495958328247,2.7496426105499268,4.200138568878174,0.04155300512694515,0.0,0.06604545563459396,0.025425634222797765,0.05276238887832761,0.06604545563459396,0.06604545563459396,0.0477790446137043,0.04155300512694515,0.7988799285486523,,,,
10_27_2014_PLN_38to47.xlsx,Channel_1-009,proc_10_27_2014_PLN_38to47_Channel_1-009.csv,1.55911205941898,2.220652040317051,0.7020965153984141,3.987096880081103,0.2525780971327614,1.4344284534454346,2.7656161785125732,4.200044631958008,0.03660431296943291,0.0,0.06088912487030029,0.022882129121135485,0.045226455665071844,0.06088912487030029,0.06088912487030029,0.043334956609714,0.03660431296943291,0.7427673785985356,,,,
10_27_2014_PLN_38to47.xlsx,Channel_1-010,proc_10_27_2014_PLN_38to47_Channel_1-010.csv,1.573239077470021,2.229913372304598,0.7055157823660614,3.9779325223203976,0.25147038524214643,1.450049877166748,2.74998140335083,4.200031280517578,0.03434965575265962,0.0,0.05567222088575363,0.02108390084118926,0.042431039463018634,0.05567222088575363,0.05567222088575363,0.04128350679209267,0.03434965575265962,0.7621581964565854,,,,
10_27_2014_PLN_38to47.xlsx,Channel_1-011,proc_10_27_2014_PLN_38to47_Channel_1-011.csv,1.569407561846102,2.255005102342313,0.6959663019014596,3.9775642069494253,0.25162183970681135,1.4387829303741455,2.7613584995269775,4.200141429901123,0.032466218391927607,0.0,0.053857672959566116,0.02023406502139046,0.03963963302375064,0.053857672959566116,0.053857672959566116,0.039722383991758696,0.032466218391927607,0.7360071619416284,,,,
10_27_2014_PLN_38to47.xlsx,Channel_1-013,proc_10_27_2014_PLN_38to47_Channel_1-013.csv,1.580009853995273,2.248386506684723,0.7027305355630422,3.980367274652789,0.25324507597564005,1.4121774435043335,2.788094162940979,4.2002716064453125,0.037523132168437445,0.0,0.0610140860080719,0.023216110017637463,0.046626097911537046,0.0610140860080719,0.0610140860080719,0.045877860057557236,0.037523132168437445,0.7641857964629449,,,,
10_27_2014_PLN_38to47.xlsx,Channel_1-014,proc_10_27_2014_PLN_38to47_Channel_1-014.csv,1.567050963288224,2.238322373681089,0.7001006565069049,3.9758269400479955,0.2524736287878824,1.4221596717834473,2.777937412261963,4.20009708404541,0.03268330793973299,0.0,0.05406701937317848,0.020345931778293795,0.03991544686690816,0.05406701937317848,0.05406701937317848,0.03999953374223599,0.03268330793973299,0.7382586894869476,,,,
10_27_2014_PLN_38to47.xlsx,Channel_1-015,proc_10_27_2014_PLN_38to47_Channel_1-015.csv,1.557193376829513,2.231268774912206,0.6978959210733292,3.980962478636857,0.251129706803565,1.4081084728240967,2.7921836376190186,4.200292110443115,0.03377093986082288,0.0,0.05830765515565872,0.021628444799685752,0.040333171525682825,0.05830765515565872,0.05830765515565872,0.041977712042603234,0.03377093986082288,0.6917302954133376,,,,
10_27_2014_PLN_38to47.xlsx,Channel_1-016,proc_10_27_2014_PLN_38to47_Channel_1-016.csv,1.559263276093902,2.243843916665211,0.6949071923020702,3.9955226392905066,0.25112891268021986,1.4125275611877441,2.787968158721924,4.200495719909668,0.04061374346313024,0.0,0.0680200383067131,0.02559812690767511,0.05084771615319999,0.0680200383067131,0.0680200383067131,0.046896932445995854,0.04061374346313024,0.7475402457716886,,,,
10_28_2014_PLN_48_57.xlsx,Channel_1-003,proc_10_28_2014_PLN_48_57_Channel_1-003.csv,1.574151414072924,2.27727860119281,0.6912423509571483,3.9839147479062533,0.252067466225214,1.4504928588867188,2.7497525215148926,4.200245380401611,0.03666761891643037,0.0,0.06359798461198807,0.02375083524115314,0.044436799485666124,0.06359798461198807,0.06359798461198807,0.04549617797952516,0.03666761891643037,0.6987139570031264,,,,
10_28_2014_PLN_48_57.xlsx,Channel_1-007,proc_10_28_2014_PLN_48_57_Channel_1-007.csv,1.362813550827898,1.990981545290979,0.6844933113775924,3.9955849229762155,0.2548905496669215,1.423095464706421,2.7775776386260986,4.2006731033325195,0.041763769107455606,0.0,0.07534846663475037,0.028090959457133174,0.05044103036016602,0.07534846663475037,0.07534846663475037,0.05417019266819625,0.041763769107455606,0.6694367199889751,,,,
10_28_2014_PLN_48_57.xlsx,Channel_1-008,proc_10_28_2014_PLN_48_57_Channel_1-008.csv,1.389875589051381,2.016390055320271,0.6892890516813334,3.991301127592224,0.25177452206994805,1.4501721858978271,2.7499663829803467,4.200138568878174,0.04159039844657712,0.0,0.07267550379037857,0.02743673541134051,0.05125151901055278,0.07267550379037857,0.07267550379037857,0.0534416670856425,0.04159039844657712,0.7052103712742053,,,,
10_28_2014_PLN_48_57.xlsx,Channel_1-009,proc_10_28_2014_PLN_48_57_Channel_1-009.csv,1.575481089101935,2.255078899825858,0.6986367923639377,3.9891971069639163,0.2525698514609796,1.4179072380065918,2.782137393951416,4.200044631958008,0.037362504247895355,0.0,0.06465362757444382,0.02412784012779925,0.0455989612014072,0.06465362757444382,0.06465362757444382,0.0452903146202514,0.037362504247895355,0.7052807848856338,,,,
10_28_2014_PLN_48_57.xlsx,Channel_1-010,proc_10_28_2014_PLN_48_57_Channel_1-010.csv,1.558662284020157,2.228462838953547,0.6994338235193913,3.9865498571444786,0.25231108035413186,1.424996018409729,2.775035262107849,4.200031280517578,0.03662006673269574,0.0,0.06372296810150146,0.023762235790825356,0.044381962661138516,0.06372296810150146,0.06372296810150146,0.04553349251145405,0.03662006673269574,0.6964829791111499,,,,
10_28_2014_PLN_48_57.xlsx,Channel_1-011,proc_10_28_2014_PLN_48_57_Channel_1-011.csv,1.563887465554561,2.234403151178824,0.6999128446133308,4.006772508847883,0.2539471067919176,1.4196746349334717,2.7804667949676514,4.200141429901123,0.053805375733295586,0.0,0.09183340519666672,0.03483335167149744,0.06900686519396798,0.09183340519666672,0.09183340519666672,0.06146207125730589,0.053805375733295586,0.7514353305987692,,,,
10_28_2014_PLN_48_57.xlsx,Channel_1-013,proc_10_28_2014_PLN_48_57_Channel_1-013.csv,1.541868600289497,2.20313900247159,0.6998508031312382,3.9795318769112646,0.2561640077170034,1.4464802742004395,2.753791332244873,4.2002716064453125,0.04414219858129284,0.0,0.07061231881380081,0.027318106286771737,0.056068448400373214,0.07061231881380081,0.07061231881380081,0.05214641896836295,0.04414219858129284,0.7940321085931387,,,,
10_28_2014_PLN_48_57.xlsx,Channel_1-014,proc_10_28_2014_PLN_48_57_Channel_1-014.csv,1.548829649514278,2.208996496419216,0.7011462680112582,3.988319446286142,0.2531840559464082,1.450188159942627,2.749908924102783,4.20009708404541,0.03658513560003653,0.0,0.06128900498151779,0.023142755621402236,0.04552661683509558,0.06128900498151779,0.06128900498151779,0.04329252669666273,0.03658513560003653,0.7428186646010081,,,,
10_28_2014_PLN_48_57.xlsx,Channel_1-015,proc_10_28_2014_PLN_48_57_Channel_1-015.csv,1.554214016709345,2.224478181110214,0.6986870133892044,3.978831223947054,0.2541643074255846,1.3791303634643555,2.8211617469787598,4.200292110443115,0.034147116294430235,0.0,0.059754323214292526,0.0221763254085683,0.040521207078091336,0.059754323214292526,0.059754323214292526,0.04331100672298084,0.034147116294430235,0.6781301318194688,,,,
10_28_2014_PLN_48_57.xlsx,Channel_1-016,proc_10_28_2014_PLN_48_57_Channel_1-016.csv,1.564188011688742,2.249422330226162,0.6953732034532951,3.979089636412837,0.2517874964417555,1.433687686920166,2.766808032989502,4.200495719909668,0.032808149461060934,0.0,0.057050783187150955,0.021212135881310167,0.039120631290495686,0.057050783187150955,0.057050783187150955,0.04126116002934348,0.032808149461060934,0.6857159377140064,,,,
10_29_2014_PLN_58-67.xlsx,Channel_1-003,proc_10_29_2014_PLN_58-67_Channel_1-003.csv,1.546487390117344,2.227603566219859,0.694238155104798,3.99623290315663,0.25113003617643875,1.4194917678833008,2.7807536125183105,4.200245380401611,0.04205398191413566,0.0,0.07160821557044983,0.026829364629826883,0.05224994069511043,0.07160821557044983,0.07160821557044983,0.05008508641778488,0.04205398191413566,0.7296640515180234,,,,
10_29_2014_PLN_58-67.xlsx,Channel_1-007,proc_10_29_2014_PLN_58-67_Channel_1-007.csv,1.559343287732516,2.252996937514956,0.6921195771586195,3.99155762398893,0.25089115690274144,1.414839267730713,2.785672187805176,4.200511455535889,0.0405404514019462,0.0,0.07141949981451035,0.026400841006989174,0.04881506938985319,0.07141949981451035,0.07141949981451035,0.04906388608770144,0.0405404514019462,0.6834977774506256,,,,
10_29_2014_PLN_58-67.xlsx,Channel_1-008,proc_10_29_2014_PLN_58-67_Channel_1-008.csv,1.412104288987187,2.027032979122214,0.6966360703212063,3.9769359465008853,0.2525529449460957,1.4228134155273438,2.77732515335083,4.200138568878174,0.035074823492450384,0.0,0.059306126087903976,0.02231563343440172,0.04249643070519064,0.059306126087903976,0.059306126087903976,0.045668570630240414,0.035074823492450384,0.7165605563614477,,,,
10_29_2014_PLN_58-67.xlsx,Channel_1-009,proc_10_29_2014_PLN_58-67_Channel_1-009.csv,1.427204675031636,2.035163196275415,0.7012728402535907,3.9875754897966074,0.2559568629153434,1.4265727996826172,2.7734718322753906,4.200044631958008,0.047877731218172875,0.0,0.07836022973060608,0.02998651455210664,0.06024325827400121,0.07836022973060608,0.07836022973060608,0.057611438357801185,0.047877731218172875,0.7687988981286931,,,,
10_29_2014_PLN_58-67.xlsx,Channel_1-010,proc_10_29_2014_PLN_58-67_Channel_1-010.csv,1.391485672547758,2.036230779661714,0.6833634411414458,3.995013618071438,0.2537780169584327,1.419806718826294,2.780224561691284,4.200031280517578,0.03744868187133806,0.0,0.06517723202705383,0.024590376766770335,0.046894012053372326,0.06517723202705383,0.06517723202705383,0.04577522108949173,0.03744868187133806,0.7194845591771604,,,,
10_29_2014_PLN_58-67.xlsx,Channel_1-011,proc_10_29_2014_PLN_58-67_Channel_1-011.csv,1.544243111466733,2.172216357934126,0.7109066764120019,3.98765341820941,0.25406339913122483,1.4115782976150513,2.788725256919861,4.200303554534912,0.041037763134042865,0.0,0.07001497596502304,0.025981944805702466,0.04963833737612898,0.07001497596502304,0.07001497596502304,0.049919584511788406,0.041037763134042865,0.7089674272105229,,,,
10_29_2014_PLN_58-67.xlsx,Channel_1-013,proc_10_29_2014_PLN_58-67_Channel_1-013.csv,1.5379195301833,2.206241388419129,0.6970767288910703,3.9884591950978794,0.2530011737568787,1.4272606372833252,2.77284836769104,4.200109004974365,0.03888174894298812,0.0,0.06914930045604706,0.02557203366505617,0.04632987143077423,0.06914930045604706,0.06914930045604706,0.04986127225469939,0.03888174894298812,0.6699976879769391,,,,
10_29_2014_PLN_58-67.xlsx,Channel_1-014,proc_10_29_2014_PLN_58-67_Channel_1-014.csv,1.539066051315822,2.17652817651453,0.7071197459894439,3.9961858170892404,0.25378287661710985,1.4218356609344482,2.778261423110962,4.20009708404541,0.040866471240494015,0.0,0.07207495719194412,0.026451723885236037,0.04901514576674158,0.07207495719194412,0.07207495719194412,0.05006638832253981,0.040866471240494015,0.6800579240887853,,,,
10_29_2014_PLN_58-67.xlsx,Channel_1-015,proc_10_29_2014_PLN_58-67_Channel_1-015.csv,1.456067133990733,2.08417815434894,0.698628920446382,3.989330683468286,0.2561615795234184,1.4505233764648438,2.7497687339782715,4.200292110443115,0.047430880106682026,0.0,0.07864753901958466,0.02992537740013076,0.05940524949787561,0.07864753901958466,0.07864753901958466,0.05697051767648866,0.047430880106682026,0.755335134937695,,,,
10_29_2014_PLN_58-67.xlsx,Channel_1-016,proc_10_29_2014_PLN_58-67_Channel_1-016.csv,1.563985231256526,2.26968059081471,0.6890772373812862,4.0046312710887975,0.2531676668180518,1.4396870136260986,2.7608087062835693,4.200495719909668,0.05153490119382672,0.0,0.08829288184642792,0.03318112449953891,0.06525324340616147,0.08829288184642792,0.08829288184642792,0.05898783617166216,0.05153490119382672,0.7390544066696066,,,,
10_30_2014_PLN_68_77.xlsx,Channel_1-003,proc_10_30_2014_PLN_68_77_Channel_1-003.csv,1.548102798635544,2.237362172074007,0.6919321413217923,3.9868940637713752,0.25189813044557724,1.420058250427246,2.7801871299743652,4.200245380401611,0.03540266266272178,0.0,0.06340555101633072,0.023409653652508283,0.04186996523982178,0.06340555101633072,0.06340555101633072,0.04543444689396015,0.03540266266272178,0.6603517289683006,,,,
10_30_2014_PLN_68_77.xlsx,Channel_1-007,proc_10_30_2014_PLN_68_77_Channel_1-007.csv,1.544983015796383,2.218827465505083,0.6963060624656053,4.013576469845034,0.25026720377207684,1.4492406845092773,2.751432418823242,4.2006731033325195,0.043624536914584164,0.0,0.07803948223590851,0.028652069784678554,0.05394518617257187,0.07803948223590851,0.07803948223590851,0.051135835157951004,0.043624536914584164,0.6912550497131558,,,,
10_30_2014_PLN_68_77.xlsx,Channel_1-008,proc_10_30_2014_PLN_68_77_Channel_1-008.csv,1.554105231573643,2.392771569921377,0.6495000405010282,3.9954470149604355,0.24837717319945007,1.4266986846923828,2.773439884185791,4.200138568878174,0.038187407213070346,0.0,0.07245790958404541,0.02705289078493108,0.0464254879767853,0.07245790958404541,0.07245790958404541,0.050037112066905684,0.038187407213070346,0.6407235351295283,,,,
10_30_2014_PLN_68_77.xlsx,Channel_1-009,proc_10_30_2014_PLN_68_77_Channel_1-009.csv,1.569579463406559,2.233143857884762,0.7028564048234974,3.987996125434892,0.2523532448709704,1.4334566593170166,2.766587972640991,4.200044631958008,0.03628529250012786,0.0,0.06214777007699013,0.023134768682961302,0.044118423087233946,0.06214777007699013,0.06214777007699013,0.04388159591476905,0.03628529250012786,0.7098955124629411,,,,
10_30_2014_PLN_68_77.xlsx,Channel_1-010,proc_10_30_2014_PLN_68_77_Channel_1-010.csv,1.551387540370865,2.201829866823662,0.7045901065048596,4.006900893522422,0.25188305314083287,1.4127528667449951,2.787278413772583,4.200031280517578,0.041644434546333764,0.0,0.0760401040315628,0.02787780983238312,0.05048439528380416,0.0760401040315628,0.0760401040315628,0.05213796738895255,0.041644434546333764,0.6639180196656366,,,,
10_30_2014_PLN_68_77.xlsx,Channel_1-011,proc_10_30_2014_PLN_68_77_Channel_1-011.csv,1.552581187195169,2.206745958782661,0.7035613596644543,3.984719800806075,0.25271776425324216,1.4457461833953857,2.7543952465057373,4.200141429901123,0.03467329325335159,0.0,0.06202932074666023,0.022847366787969926,0.0406040106216731,0.06202932074666023,0.06202932074666023,0.04428234148624228,0.03467329325335159,0.6545938297068856,,,,
10_30_2014_PLN_68_77.xlsx,Channel_1-013,proc_10_30_2014_PLN_68_77_Channel_1-013.csv,1.542345327096918,2.193287932191574,0.7032115138461451,3.985975067554021,0.254072940515709,1.4501290321350098,2.7499799728393555,4.200109004974365,0.04127578651793017,0.0,0.06904452294111252,0.026102103647532866,0.05118401897339314,0.06904452294111252,0.06904452294111252,0.0498458120508786,0.04127578651793017,0.7413190328948692,,,,
10_30_2014_PLN_68_77.xlsx,Channel_1-014,proc_10_30_2014_PLN_68_77_Channel_1-014.csv,1.54274018860288,2.236433433162075,0.6898216444661232,3.9977627822065354,0.25191455938116497,1.40887451171875,2.79122257232666,4.20009708404541,0.03645254658933652,0.0,0.06653407216072083,0.024425219412445128,0.043505856334829555,0.06653407216072083,0.06653407216072083,0.045823209698383625,0.03645254658933652,0.6538883751130711,,,,
10_30_2014_PLN_68_77.xlsx,Channel_1-015,proc_10_30_2014_PLN_68_77_Channel_1-015.csv,1.563828154706963,2.242071356519153,0.6974925887884442,3.982781015644353,0.2533886333502534,1.4503612518310547,2.7499308586120605,4.200292110443115,0.034078315364041364,0.0,0.05813123285770416,0.021739358163878224,0.04144707910958726,0.05813123285770416,0.05813123285770416,0.041617251656593704,0.034078315364041364,0.7129915722077148,,,,
10_30_2014_PLN_68_77.xlsx,Channel_1-016,proc_10_30_2014_PLN_68_77_Channel_1-016.csv,1.561010895976219,2.236679184871148,0.6979145272754648,3.9873426867313,0.2528830676972569,1.4147166013717651,2.785779118537903,4.200495719909668,0.03817456433253924,0.0,0.06635937094688416,0.024633709447704825,0.046017877039923015,0.06635937094688416,0.06635937094688416,0.04673912907065236,0.03817456433253924,0.6934646363172576,,,,
10_31_2014_PLN_78_87.xlsx,Channel_1-003,proc_10_31_2014_PLN_78_87_Channel_1-003.csv,1.553318920774844,2.225327916377414,0.6980179906714485,3.9848351352040696,0.25427932575631673,1.4175491333007812,2.78269624710083,4.200245380401611,0.03356474047524697,0.0,0.05674613267183304,0.021294899235418576,0.04112601778311659,0.05674613267183304,0.05674613267183304,0.041220265941730234,0.03356474047524697,0.724736926495966,,,,
10_31_2014_PLN_78_87.xlsx,Channel_1-007,proc_10_31_2014_PLN_78_87_Channel_1-007.csv,1.541511597961276,2.219328685354355,0.6945846318906775,3.992599609891567,0.25427311542993425,1.4178342819213867,2.782677173614502,4.200511455535889,0.04135077178610798,0.0,0.06882823258638382,0.026054880047250227,0.05196597030130042,0.06882823258638382,0.06882823258638382,0.04776058744196209,0.04135077178610798,0.7550095120643961,,,,
10_31_2014_PLN_78_87.xlsx,Channel_1-008,proc_10_31_2014_PLN_78_87_Channel_1-008.csv,1.565513942403023,2.217021742480168,0.7061337795684821,3.9938291628678164,0.25197387380582253,1.3813707828521729,2.818767786026001,4.200138568878174,0.04039924691756003,0.0,0.07111609727144241,0.026235727306111494,0.04854689368528482,0.07111609727144241,0.07111609727144241,0.049811798209578866,0.04039924691756003,0.6826428269817255,,,,
10_31_2014_PLN_78_87.xlsx,Channel_1-009,proc_10_31_2014_PLN_78_87_Channel_1-009.csv,1.546228449367704,2.213131994012018,0.6986607457446152,4.004588773937631,0.2518254465489687,1.369720458984375,2.830324172973633,4.200044631958008,0.04288558526685786,0.0,0.07577313482761383,0.027966792057814875,0.05266111822996149,0.07577313482761383,0.07577313482761383,0.05129146428561475,0.04288558526685786,0.6949840250079018,,,,
10_31_2014_PLN_78_87.xlsx,Channel_1-010,proc_10_31_2014_PLN_78_87_Channel_1-010.csv,1.558677625620636,2.216971030171041,0.703066302810634,3.9806088262530825,0.25248463278002364,1.4121851921081543,2.787846088409424,4.200031280517578,0.03604790318687803,0.0,0.06246151775121689,0.023270498597528565,0.043158292989418076,0.06246151775121689,0.06246151775121689,0.04588928941545498,0.03604790318687803,0.6909581217881511,,,,
10_31_2014_PLN_78_87.xlsx,Channel_1-011,proc_10_31_2014_PLN_78_87_Channel_1-011.csv,1.56497254466543,2.243296627887903,0.6976217612999644,3.989337957097106,0.2527299713449458,1.4187030792236328,2.7814383506774902,4.200141429901123,0.03358205869475629,0.0,0.059421613812446594,0.021970156581867222,0.040190340373786236,0.059421613812446594,0.059421613812446594,0.04183567668305184,0.03358205869475629,0.6763589508127407,,,,
10_31_2014_PLN_78_87.xlsx,Channel_1-013,proc_10_31_2014_PLN_78_87_Channel_1-013.csv,1.561187430528764,2.232898881255562,0.6991751590877713,3.978134268982865,0.25259015867019036,1.416231632232666,2.783877372741699,4.200109004974365,0.03621818121689156,0.0,0.06092163920402527,0.02295535477549003,0.044252850947489014,0.06092163920402527,0.06092163920402527,0.045125317568732774,0.03621818121689156,0.7263896954460985,,,,
10_31_2014_PLN_78_87.xlsx,Channel_1-014,proc_10_31_2014_PLN_78_87_Channel_1-014.csv,1.561906811717612,2.223103594098259,0.702579410093193,3.993470094807603,0.25270013167707245,1.4195674657821655,2.7805296182632446,4.20009708404541,0.037346723514328585,0.0,0.06778888404369354,0.024780738054164114,0.043808040266833576,0.06778888404369354,0.06778888404369354,0.047358243304851756,0.037346723514328585,0.64624223993121,,,,
10_31_2014_PLN_78_87.xlsx,Channel_1-015,proc_10_31_2014_PLN_78_87_Channel_1-015.csv,1.569982910645142,2.253031288015642,0.69683138400972,4.001718976324731,0.25156805162875645,1.4090797901153564,2.791212320327759,4.200292110443115,0.039165297747796146,0.0,0.0717586874961853,0.026166753636635544,0.04645465846108185,0.0717586874961853,0.0717586874961853,0.04859456895146213,0.039165297747796146,0.6473733018535405,,,,
10_31_2014_PLN_78_87.xlsx,Channel_1-016,proc_10_31_2014_PLN_78_87_Channel_1-016.csv,1.543994042262782,2.227112850870439,0.6932715787883543,3.9938077499805344,0.2529928643365869,1.411879062652588,2.78861665725708,4.200495719909668,0.03604078700831857,0.0,0.06393883377313614,0.023605323267655715,0.043364000283993016,0.06393883377313614,0.06393883377313614,0.04428913466194097,0.03604078700831857,0.678210685510069,,,,
11_04_2014_PLN_107_117.xlsx,Channel_1-003,proc_11_04_2014_PLN_107_117_Channel_1-003.csv,1.557153096214903,2.221270293167839,0.7010191875362395,3.9818121574598937,0.254247012503974,1.4506547451019287,2.7495906352996826,4.200245380401611,0.03534445365431441,0.0,0.06215052306652069,0.02300905074693517,0.041830991798184974,0.06215052306652069,0.06215052306652069,0.045354123202532105,0.03534445365431441,0.6730593683566042,,,,
11_04_2014_PLN_107_117.xlsx,Channel_1-007,proc_11_04_2014_PLN_107_117_Channel_1-007.csv,1.5746488744631,2.262600900779944,0.6959463659367858,3.9915984864789427,0.2531987870032417,1.4451937675476074,2.7553176879882812,4.200511455535889,0.03946998057568413,0.0,0.06622913479804993,0.02500935052419268,0.04937865446521364,0.06622913479804993,0.06622913479804993,0.04564192576820053,0.03946998057568413,0.7455729961712796,,,,
11_04_2014_PLN_107_117.xlsx,Channel_1-008,proc_11_04_2014_PLN_107_117_Channel_1-008.csv,1.528920369696292,2.182335244388748,0.7005891389178057,3.986758426353663,0.25247288362863657,1.446448802947998,2.753689765930176,4.200138568878174,0.03635474783479333,0.0,0.0631597712635994,0.023578356862913586,0.04411643757847509,0.0631597712635994,0.0631597712635994,0.04506260107869983,0.03635474783479333,0.6984895083668634,,,,
11_04_2014_PLN_107_117.xlsx,Channel_1-009,proc_11_04_2014_PLN_107_117_Channel_1-009.csv,1.550318023669865,2.213826967807856,0.7002887064859449,3.9920066594203547,0.2543406700778162,1.371502161026001,2.828542470932007,4.200044631958008,0.04435169300231695,0.0,0.07554351538419724,0.028442014726963182,0.05516639027081613,0.07554351538419724,0.07554351538419724,0.052750737533505045,0.04435169300231695,0.7302597713417538,,,,
11_04_2014_PLN_107_117.xlsx,Channel_1-010,proc_11_04_2014_PLN_107_117_Channel_1-010.csv,1.540288127749202,2.19904938597357,0.7004336226252058,3.989239152184359,0.2517075138777773,1.4450230598449707,2.7550082206726074,4.200031280517578,0.03817400434435231,0.0,0.06547439098358154,0.024605984011253655,0.04710519803271061,0.06547439098358154,0.06547439098358154,0.04588398066878384,0.03817400434435231,0.7194446152927605,,,,
11_04_2014_PLN_107_117.xlsx,Channel_1-011,proc_11_04_2014_PLN_107_117_Channel_1-011.csv,1.559868193022547,2.221396486791332,0.7022016115977922,3.9919458853557717,0.2521791631974144,1.4010522365570068,2.799089193344116,4.200141429901123,0.038706293570451335,0.0,0.06742317229509354,0.025077628192931384,0.04711603333672372,0.06742317229509354,0.06742317229509354,0.04713487760795608,0.038706293570451335,0.698810686784496,,,,
11_04_2014_PLN_107_117.xlsx,Channel_1-012,proc_11_04_2014_PLN_107_117_Channel_1-012.csv,1.574203220616862,2.232770351308107,0.7050448424732028,3.9788051448423967,0.25386110501506104,1.423206090927124,2.7771198749542236,4.200325965881348,0.036103826686250166,0.0,0.06075608730316162,0.02285042154710873,0.04402712560051926,0.06075608730316162,0.06075608730316162,0.04460945548710603,0.036103826686250166,0.7246537352024014,,,,
11_04_2014_PLN_107_117.xlsx,Channel_1-013,proc_11_04_2014_PLN_107_117_Channel_1-013.csv,1.550338952512671,2.209526423292391,0.7016611958876364,3.9818428638256957,0.25062180075882323,1.4266116619110107,2.7734973430633545,4.200109004974365,0.032776645374579375,0.0,0.057206906378269196,0.021254148579741457,0.039055295844360266,0.057206906378269196,0.057206906378269196,0.04170082385994886,0.032776645374579375,0.6827024622886432,,,,
11_04_2014_PLN_107_117.xlsx,Channel_1-014,proc_11_04_2014_PLN_107_117_Channel_1-014.csv,1.54147363625835,2.194140127184735,0.7025411080905709,3.9896366543898125,0.25572228045172035,1.4064443111419678,2.7936527729034424,4.20009708404541,0.04650686095845141,0.0,0.07603893429040909,0.029164951536078666,0.059171052488868364,0.07603893429040909,0.07603893429040909,0.05346684600187969,0.04650686095845141,0.77816782995513,,,,
11_04_2014_PLN_107_117.xlsx,Channel_1-015,proc_11_04_2014_PLN_107_117_Channel_1-015.csv,1.555091618803687,2.230236019108584,0.697276703218725,3.99922143734035,0.2526522511170407,1.4162027835845947,2.7840893268585205,4.200292110443115,0.045278251896001036,0.0,0.07605095952749252,0.028938849828369227,0.057729489029815034,0.07605095952749252,0.07605095952749252,0.05179636779540333,0.045278251896001036,0.7590895550626912,,,,
11_04_2014_PLN_107_117.xlsx,Channel_1-016,proc_11_04_2014_PLN_107_117_Channel_1-016.csv,1.568842082488577,2.2544802631373,0.6958774969736929,3.997073508245871,0.2511025479953053,1.4179595708847046,2.7825361490249634,4.200495719909668,0.040603275887672395,0.0,0.07063430547714233,0.026337325913838586,0.050076743608579194,0.07063430547714233,0.07063430547714233,0.04818084559736461,0.040603275887672395,0.7089578253839321,,,,
11_05_2014_PLN_118to126.xlsx,Channel_1-008,proc_11_05_2014_PLN_118to126_Channel_1-008.csv,1.573047633361817,2.22482730662107,0.7070425774982348,3.984076897708737,0.2523069675069884,1.4236228466033936,2.7765157222747803,4.200138568878174,0.03833869034479302,0.0,0.06469759345054626,0.02425346321438712,0.04687326564215489,0.06469759345054626,0.06469759345054626,0.0464966824725444,0.03833869034479302,0.7244978235238999,,,,
11_05_2014_PLN_118to126.xlsx,Channel_1-009,proc_11_05_2014_PLN_118to126_Channel_1-009.csv,1.551868348623334,2.214934162781459,0.7006385899409925,3.9804424253418875,0.2517325648223856,1.3820302486419678,2.81801438331604,4.200044631958008,0.032753755667645185,0.0,0.05539257824420929,0.02074774475601709,0.039877096594247596,0.05539257824420929,0.05539257824420929,0.03989947694607454,0.032753755667645185,0.7198996302075238,,,,
11_05_2014_PLN_118to126.xlsx,Channel_1-010,proc_11_05_2014_PLN_118to126_Channel_1-010.csv,1.558346158999459,2.214199042277228,0.7037967812490574,3.9865772114444167,0.25126859918496725,1.450212001800537,2.749819278717041,4.200031280517578,0.03438125150549029,0.0,0.06110365688800812,0.022558650793505743,0.04068572608342956,0.06110365688800812,0.06110365688800812,0.043956025983947974,0.03438125150549029,0.6658476457145452,,,,
11_05_2014_PLN_118to126.xlsx,Channel_1-011,proc_11_05_2014_PLN_118to126_Channel_1-011.csv,1.583487667711352,2.26087841497437,0.7003860345711262,3.9857771699450204,0.25014328097144545,1.425990104675293,2.77415132522583,4.200141429901123,0.0350934202153824,0.0,0.06193632259964943,0.02289003584799855,0.041672790949615686,0.06193632259964943,0.06193632259964943,0.04387156184141835,0.0350934202153824,0.6728328257230364,,,,
11_05_2014_PLN_118to126.xlsx,Channel_1-012,proc_11_05_2014_PLN_118to126_Channel_1-012.csv,1.563656447228413,2.319198235174537,0.6742228514634654,4.001198704832212,0.24960407210735877,1.4140605926513672,2.7862653732299805,4.200325965881348,0.04101021161300559,0.0,0.07537811249494553,0.028056432311092276,0.05044946143541231,0.07537811249494553,0.07537811249494553,0.051485860289943154,0.04101021161300559,0.6692852840908585,,,,
11_05_2014_PLN_118to126.xlsx,Channel_1-013,proc_11_05_2014_PLN_118to126_Channel_1-013.csv,1.571975947262109,2.247470296699312,0.699442368413389,3.9874508967071294,0.24991589396062314,1.4230436086654663,2.777065396308899,4.200109004974365,0.0355434020117541,0.0,0.06498308479785919,0.02386756916486749,0.041248079336753965,0.06498308479785919,0.06498308479785919,0.04593631856400391,0.0355434020117541,0.6347510196701657,,,,
11_05_2014_PLN_118to126.xlsx,Channel_1-014,proc_11_05_2014_PLN_118to126_Channel_1-014.csv,1.549410977633129,2.213663683091684,0.6999306125260928,3.9914095393162174,0.25281701516705485,1.450512170791626,2.7497470378875732,4.200259208679199,0.0478515748516946,0.0,0.07875461131334305,0.030083981983639627,0.06074400099864654,0.07875461131334305,0.07875461131334305,0.054823074701406266,0.0478515748516946,0.7713072286899212,,,,
11_05_2014_PLN_118to126.xlsx,Channel_1-015,proc_11_05_2014_PLN_118to126_Channel_1-015.csv,1.547850552652986,2.220283531401714,0.6971409420290542,3.98355840630559,0.25178694063583956,1.3766210079193115,2.8236711025238037,4.200292110443115,0.03592753928081715,0.0,0.06237563118338585,0.023174595865502457,0.04317756824681581,0.06237563118338585,0.06237563118338585,0.04436652037650219,0.03592753928081715,0.692218538356313,,,,
11_05_2014_PLN_118to126.xlsx,Channel_1-016,proc_11_05_2014_PLN_118to126_Channel_1-016.csv,1.558475584845056,2.251954414073007,0.6920546770866078,3.989661538623935,0.24961017362298868,1.4127708673477173,2.7878869771957397,4.200657844543457,0.034632016754313315,0.0,0.062484193593263626,0.02301530038305592,0.04090853928220724,0.062484193593263626,0.062484193593263626,0.0434117931404507,0.034632016754313315,0.654702204344645,,,,
11_2_2014_PLN_88_97.xlsx,Channel_1-003,proc_11_2_2014_PLN_88_97_Channel_1-003.csv,1.535197657303595,2.195001973389883,0.6994060487939746,3.9905346638105197,0.25168173627861057,1.417791724205017,2.782291531562805,4.200083255767822,0.03764102068169085,0.0,0.0673508271574974,0.02482581204170468,0.044673229530637265,0.0673508271574974,0.0673508271574974,0.047637692105876456,0.03764102068169085,0.663291475636529,,,,
11_2_2014_PLN_88_97.xlsx,Channel_1-007,proc_11_2_2014_PLN_88_97_Channel_1-007.csv,1.548794076549859,2.222305652233091,0.6969311692086766,3.9924660956542346,0.25116602739052135,1.4252809286117554,2.775392174720764,4.2006731033325195,0.0357010349845568,0.0,0.0645843967795372,0.02366962860040148,0.042028933537462315,0.0645843967795372,0.0645843967795372,0.04443669437452127,0.0357010349845568,0.6507598682222063,,,,
11_2_2014_PLN_88_97.xlsx,Channel_1-008,proc_11_2_2014_PLN_88_97_Channel_1-008.csv,1.574048549248306,2.2430752099816,0.7017368576157632,3.9813258729713765,0.25460968536791173,1.4501721858978271,2.7499663829803467,4.200138568878174,0.03689453852343979,0.0,0.06200185790657997,0.023371046370060825,0.04532856621081817,0.06200185790657997,0.06200185790657997,0.045030273722148545,0.03689453852343979,0.7310839987910694,,,,
11_2_2014_PLN_88_97.xlsx,Channel_1-009,proc_11_2_2014_PLN_88_97_Channel_1-009.csv,1.55222097983297,2.214672978685839,0.7008804436463753,3.979785608385952,0.25327195700314714,1.4136149883270264,2.7864296436309814,4.200044631958008,0.034536687681494184,0.0,0.059445690363645554,0.022155520018827292,0.04149728188634545,0.059445690363645554,0.059445690363645554,0.04310581167683273,0.034536687681494184,0.6980704847146231,,,,
11_2_2014_PLN_88_97.xlsx,Channel_1-010,proc_11_2_2014_PLN_88_97_Channel_1-010.csv,1.566872012318073,2.217174322611209,0.7066977081318251,3.979336404070293,0.2547722300779134,1.3801581859588623,2.819873094558716,4.200031280517578,0.039859357950160115,0.0,0.06381937861442566,0.02460078629786523,0.050376590199256034,0.06381937861442566,0.06381937861442566,0.04709219753172747,0.039859357950160115,0.7893619664273723,,,,
11_2_2014_PLN_88_97.xlsx,Channel_1-011,proc_11_2_2014_PLN_88_97_Channel_1-011.csv,0.0,0.018775095388761,0.0,3.9133043728821666,0.057791684507518315,0.13651037216186523,3.8417818546295166,3.978292226791382,0.0,0.0,0.0,0.0,,,,,,,,,,
11_2_2014_PLN_88_97.xlsx,Channel_1-013,proc_11_2_2014_PLN_88_97_Channel_1-013.csv,1.567222274943624,2.231595884524166,0.7022876703672521,3.9837476388708883,0.25274751826082753,1.450291395187378,2.7498176097869873,4.200109004974365,0.036922803967529734,0.0,0.0638226717710495,0.023806623668075143,0.04453599629673223,0.0638226717710495,0.0638226717710495,0.04648294466648367,0.036922803967529734,0.6978083972494259,,,,
11_2_2014_PLN_88_97.xlsx,Channel_1-014,proc_11_2_2014_PLN_88_97_Channel_1-014.csv,1.550214505227643,2.233936153030137,0.6939385904672853,3.98200558812821,0.25366954043690687,1.4335007667541504,2.7665963172912598,4.20009708404541,0.034174949032844924,0.0,0.06227128207683563,0.022994174073132225,0.03973395298709957,0.06227128207683563,0.06227128207683563,0.0449064583517611,0.034174949032844924,0.638078286842921,,,,
11_2_2014_PLN_88_97.xlsx,Channel_1-015,proc_11_2_2014_PLN_88_97_Channel_1-015.csv,1.566353516087947,2.249037974312598,0.696454899373894,3.98773155122861,0.2529240255482174,1.4150696992874146,2.7852224111557007,4.200292110443115,0.03432311753431606,0.0,0.059663645923137665,0.02221905149755956,0.04163970365512289,0.059663645923137665,0.059663645923137665,0.0418644210999554,0.03432311753431606,0.6979074612497815,,,,
11_2_2014_PLN_88_97.xlsx,Channel_1-016,proc_11_2_2014_PLN_88_97_Channel_1-016.csv,1.543973832761425,2.21352217273205,0.6975190272685491,3.9938349780312032,0.25263277294271186,1.4508750438690186,2.7496206760406494,4.200495719909668,0.037419009333998894,0.0,0.06665963679552078,0.024576282859268543,0.04486998324142029,0.06665963679552078,0.06665963679552078,0.0461939588319837,0.037419009333998894,0.6731207279010458,,,,
11_6_2014_PLN_127_138.xlsx,Channel_1-003,proc_11_6_2014_PLN_127_138_Channel_1-003.csv,1.546277855009824,2.238089310491117,0.6908919352599541,3.995580509237658,0.2511945395795158,1.410507082939148,2.7897382974624634,4.200245380401611,0.04033587480504115,0.0,0.07036372274160385,0.02590043501271922,0.048661121941600625,0.07036372274160385,0.07036372274160385,0.04991588906016389,0.04033587480504115,0.6915654835418313,,,,
11_6_2014_PLN_127_138.xlsx,Channel_1-004,proc_11_6_2014_PLN_127_138_Channel_1-004.csv,1.5682748302082,2.218538618036894,0.7068954389425552,3.9685261061510757,0.25173453565031606,1.4501657485961914,2.749919891357422,4.200085639953613,0.03132559414742367,0.0,0.0525970384478569,0.019612492350235818,0.037172266207207205,0.0525970384478569,0.0525970384478569,0.04125336374267057,0.03132559414742367,0.7067368677812279,,,,
11_6_2014_PLN_127_138.xlsx,Channel_1-007,proc_11_6_2014_PLN_127_138_Channel_1-007.csv,1.540256352729931,2.225999152824058,0.6919393256623005,3.990025681220032,0.2517786937049554,1.4137060642242432,2.7868053913116455,4.200511455535889,0.04405358817400069,0.0,0.07534846663475037,0.028143409361940343,0.05406035236953098,0.07534846663475037,0.07534846663475037,0.05244647204144601,0.04405358817400069,0.7174711680807927,,,,
11_6_2014_PLN_127_138.xlsx,Channel_1-008,proc_11_6_2014_PLN_127_138_Channel_1-008.csv,1.550761312353842,2.203096162341703,0.7039008731718343,3.9774835080811473,0.25400261792202533,1.4144763946533203,2.7856621742248535,4.200138568878174,0.04073414848340425,0.0,0.06460044533014297,0.02491562611807792,0.05146746887599454,0.06460044533014297,0.06460044533014297,0.04793276993266658,0.04073414848340425,0.7967045523133491,,,,
11_6_2014_PLN_127_138.xlsx,Channel_1-009,proc_11_6_2014_PLN_127_138_Channel_1-009.csv,1.570689397922497,2.245761237777078,0.6994017758883454,3.978490044836174,0.25187356216447115,1.4205797910690308,2.779464840888977,4.200044631958008,0.035550907557823364,0.0,0.05682985112071037,0.021818944623529863,0.04477079828864337,0.05682985112071037,0.05682985112071037,0.041568682819135186,0.035550907557823364,0.7878042508601196,,,,
11_6_2014_PLN_127_138.xlsx,Channel_1-010,proc_11_6_2014_PLN_127_138_Channel_1-010.csv,1.574412028655265,2.239299375222239,0.7030824221522469,3.9847812847078914,0.2511047275579597,1.450212001800537,2.749819278717041,4.200031280517578,0.036934925591797424,0.0,0.06353103369474411,0.02365324136040487,0.044505653270881525,0.06353103369474411,0.06353103369474411,0.0460676170586289,0.036934925591797424,0.7005340647332086,,,,
11_6_2014_PLN_127_138.xlsx,Channel_1-011,proc_11_6_2014_PLN_127_138_Channel_1-011.csv,1.560118116592999,2.273857293149427,0.6861108308306116,3.977762029892137,0.25117781749318796,1.4504420757293701,2.749699354171753,4.200141429901123,0.03156714457784306,0.0,0.053857672959566116,0.020277083661612762,0.038511273812244666,0.053857672959566116,0.053857672959566116,0.03939232285051936,0.03156714457784306,0.7150564013628508,,,,
11_6_2014_PLN_127_138.xlsx,Channel_1-012,proc_11_6_2014_PLN_127_138_Channel_1-012.csv,1.556163066012906,2.218773729795731,0.701361768041202,3.9863135204301448,0.2513810076080215,1.4219920635223389,2.778333902359009,4.200325965881348,0.03715111407453512,0.0,0.0648064911365509,0.024045406401029076,0.04451327496131913,0.0648064911365509,0.0648064911365509,0.04702362149509843,0.03715111407453512,0.6868644510860366,,,,
11_6_2014_PLN_127_138.xlsx,Channel_1-013,proc_11_6_2014_PLN_127_138_Channel_1-013.csv,1.433905555959735,2.05920818600624,0.6963383137771723,3.98074989175918,0.25276691344611507,1.4120147228240967,2.7880942821502686,4.200109004974365,0.041193887260665446,0.0,0.0717521533370018,0.026803922698757556,0.049166989220886505,0.0717521533370018,0.0717521533370018,0.05443173191096807,0.041193887260665446,0.6852336401663311,,,,
11_6_2014_PLN_127_138.xlsx,Channel_1-014,proc_11_6_2014_PLN_127_138_Channel_1-014.csv,1.568015194878183,2.232326481678037,0.7024130241466777,3.9734948042996083,0.2517998245314652,1.4194865226745605,2.7807726860046387,4.200259208679199,0.03005095161325249,0.0,0.05414894223213196,0.019912329961119114,0.03412875965923622,0.05414894223213196,0.05414894223213196,0.04037171628666175,0.03005095161325249,0.6302756480990728,,,,
11_6_2014_PLN_127_138.xlsx,Channel_1-015,proc_11_6_2014_PLN_127_138_Channel_1-015.csv,1.570521733764078,2.245903083517458,0.6992829500480402,3.9867794354987427,0.25080755014603817,1.423649787902832,2.776642322540283,4.200292110443115,0.03416863078820214,0.0,0.05848515033721924,0.021773965222873826,0.04150633141525074,0.05848515033721924,0.05848515033721924,0.04119166889544465,0.03416863078820214,0.7096900867302142,,,,
11_6_2014_PLN_127_138.xlsx,Channel_1-016,proc_11_6_2014_PLN_127_138_Channel_1-016.csv,1.443984164040826,2.092361572730457,0.6901217183779944,3.9852019245502683,0.25164481221974555,1.4130140542984009,2.787481665611267,4.200495719909668,0.038476553335952575,0.0,0.06529923528432846,0.024625532368380148,0.04725358258577182,0.06529923528432846,0.06529923528432846,0.04790603443121215,0.038476553335952575,0.7236467989252622,,,,
11_7_2014_PLN139_150.xlsx,Channel_1-003,proc_11_7_2014_PLN139_150_Channel_1-003.csv,1.402577342239294,2.031897465587692,0.6902795864424303,3.9915469428912593,0.25375299184891015,1.418682336807251,2.7815630435943604,4.200245380401611,0.04097806743685082,0.0,0.07284893840551376,0.027074104719098407,0.049059561994222275,0.07284893840551376,0.07284893840551376,0.05444797598443192,0.04097806743685082,0.6734423736023732,,,,
11_7_2014_PLN139_150.xlsx,Channel_1-004,proc_11_7_2014_PLN139_150_Channel_1-004.csv,1.56722577366792,2.2143030577337,0.7077738380002725,3.981806120171617,0.25497662222333395,1.416262149810791,2.7838234901428223,4.200085639953613,0.04390150283022773,0.0,0.07293701171875,0.02751897370364816,0.05387167105497197,0.07293701171875,0.07293701171875,0.05542603813282881,0.04390150283022773,0.7386054046566198,,,,
11_7_2014_PLN139_150.xlsx,Channel_1-007,proc_11_7_2014_PLN139_150_Channel_1-007.csv,1.411754729479595,2.052841908999092,0.6877074767866206,3.9935938662497694,0.25418565407723376,1.420910120010376,2.7796013355255127,4.200511455535889,0.04193507679187941,0.0,0.07131193578243256,0.02692107947935126,0.05218141860724695,0.07131193578243256,0.07131193578243256,0.05086285407042322,0.04193507679187941,0.7317347094103377,,,,
11_7_2014_PLN139_150.xlsx,Channel_1-008,proc_11_7_2014_PLN139_150_Channel_1-008.csv,1.439682904264534,2.056433593280689,0.7000872330468816,3.986861241077836,0.25539068555582384,1.450495958328247,2.7496426105499268,4.200138568878174,0.04138810807967174,0.0,0.07368941605091095,0.02730805171896355,0.04892858639793893,0.07368941605091095,0.07368941605091095,0.055213547574820165,0.04138810807967174,0.6639839073244234,,,,
11_7_2014_PLN139_150.xlsx,Channel_1-009,proc_11_7_2014_PLN139_150_Channel_1-009.csv,1.539738258031346,2.206763188097739,0.6977360626350768,3.9885526440252805,0.25194873595073003,1.4157205820083618,2.784324049949646,4.200044631958008,0.03692970294984379,0.0,0.06465362757444382,0.023977850311041382,0.04445592556801028,0.06465362757444382,0.06465362757444382,0.0456048671279163,0.03692970294984379,0.6876014113333796,,,,
11_7_2014_PLN139_150.xlsx,Channel_1-010,proc_11_7_2014_PLN139_150_Channel_1-010.csv,1.567876761833891,2.223057261754362,0.7052795214985039,3.9809523915594,0.25293999038100345,1.4263743162155151,2.773656964302063,4.200031280517578,0.03675470247150499,0.0,0.06101135164499283,0.02304599985396959,0.04526152147658733,0.06101135164499283,0.06101135164499283,0.044992964689914504,0.03675470247150499,0.7418541018391276,,,,
11_7_2014_PLN139_150.xlsx,Channel_1-011,proc_11_7_2014_PLN139_150_Channel_1-011.csv,1.564894562833277,2.22237074107232,0.7041554921111843,3.98211858490204,0.2530901367598102,1.4246137142181396,2.7755277156829834,4.200141429901123,0.0333565198397191,0.0,0.059154752641916275,0.021777457864432075,0.038989581850104135,0.059154752641916275,0.059154752641916275,0.04276215238037539,0.0333565198397191,0.6591115693800845,,,,
11_7_2014_PLN139_150.xlsx,Channel_1-012,proc_11_7_2014_PLN139_150_Channel_1-012.csv,1.568212904305542,2.2275792955655,0.703998689262117,3.983304847729522,0.2521164844118039,1.419968843460083,2.7803571224212646,4.200325965881348,0.03359879664506914,0.0,0.0580558180809021,0.021544820086895212,0.04018243734834508,0.0580558180809021,0.0580558180809021,0.042299838112735515,0.03359879664506914,0.6921345470035397,,,,
11_7_2014_PLN139_150.xlsx,Channel_1-013,proc_11_7_2014_PLN139_150_Channel_1-013.csv,1.554076931773022,2.213808882312476,0.7019923644671989,3.9772203533156882,0.2523523239510804,1.447696328163147,2.7524126768112183,4.200109004974365,0.03502873439106133,0.0,0.05830235034227371,0.02192706871831435,0.042752194479419595,0.05830235034227371,0.05830235034227371,0.042953744373572904,0.03502873439106133,0.7332842368864322,,,,
11_7_2014_PLN139_150.xlsx,Channel_1-014,proc_11_7_2014_PLN139_150_Channel_1-014.csv,1.569352589131184,2.245993506898823,0.6987342502597359,3.9805067690675386,0.2542438790448143,1.4126008749008179,2.7874962091445923,4.20009708404541,0.036761679106298135,0.0,0.06119571626186371,0.023236661386872897,0.045576882870584895,0.06119571626186371,0.06119571626186371,0.045106883668469065,0.036761679106298135,0.7447724392268901,,,,
11_7_2014_PLN139_150.xlsx,Channel_1-015,proc_11_7_2014_PLN139_150_Channel_1-015.csv,1.56420872609807,2.242719081897063,0.6974608361449097,3.9882178349355826,0.25117185207589443,1.411103367805481,2.7891887426376343,4.200292110443115,0.03597871070252604,0.0,0.06111237779259682,0.022906464872555925,0.044255542593470844,0.06111237779259682,0.06111237779259682,0.04303288124257023,0.03597871070252604,0.7241665959008386,,,,
11_7_2014_PLN139_150.xlsx,Channel_1-016,proc_11_7_2014_PLN139_150_Channel_1-016.csv,1.549799548720862,2.220897623392594,0.6978257495514011,3.983067737919563,0.2521024005962355,1.419824242591858,2.78067147731781,4.200495719909668,0.03143133748574962,0.0,0.05441603064537048,0.020174076989845413,0.03756007798487482,0.05441603064537048,0.05441603064537048,0.039354304082797366,0.03143133748574962,0.6902392096486055,,,,
Experimental_data_aged_cell.csv,N/A,proc_Experimental_data_aged_cell.csv,,,,3.849147485493784,0.20614790511499426,1.2098568000000003,2.9989607,4.2088175,,,,,,,,,,,28.1106,25.112604,26.316103800101132,0.42804514330751914
Experimental_data_fresh_cell.csv,N/A,proc_Experimental_data_fresh_cell.csv,,,,3.8169396457554794,0.20431086539097887,1.2055471,2.9987051,4.2042522,,,,,,,,,,,27.113413,24.776148,25.719014571187156,0.32582626797176095
OCV_vs_SOC_curve.csv,N/A,proc_OCV_vs_SOC_curve.csv,,,,,,,,,,,,,,,,,,,,,,
